{"id":"AX9sUAXSq9NaO--xwvrC","name":"Sonar way","conditions":[{"id":"AX9sU84uuUAFS9ToL2ri","metric":"new_security_rating","op":"GT","error":"1"},{"id":"AX9sU845uUAFS9ToL2rj","metric":"new_reliability_rating","op":"GT","error":"1"},{"id":"AX9sU85AuUAFS9ToL2rk","metric":"new_maintainability_rating","op":"GT","error":"1"},{"id":"AX9sU85HuUAFS9ToL2rl","metric":"new_coverage","op":"LT","error":"80"},{"id":"AX9sU85OuUAFS9ToL2rm","metric":"new_duplicated_lines_density","op":"GT","error":"3"},{"id":"AX9sU85VuUAFS9ToL2rn","metric":"new_security_hotspots_reviewed","op":"LT","error":"100"}],"isBuiltIn":true,"actions":{"rename":false,"setAsDefault":false,"copy":true,"associateProjects":false,"delete":false,"manageConditions":false,"delegate":false}}